assim_model/assim_model_mod.f90
common/types_mod.f90
location/threed_sphere/location_mod.f90
models/CESM/dart_to_cesm.f90
models/CESM/model_mod.f90
models/POP/dart_pop_mod.f90
models/POP/pop_model_mod.f90
models/cam/cam_model_mod.f90
models/clm/clm_model_mod.f90
mpi_utilities/null_mpi_utilities_mod.f90
obs_kind/obs_kind_mod.f90
random_seq/random_seq_mod.f90
time_manager/time_manager_mod.f90
utilities/utilities_mod.f90
